Unnamed: 0,Unnamed: 0.1,Unnamed: 0.1.1,area,concentration,date,dupl,light_source,medium,species,temperature,day
0,0,0,82447.95760081054,47.5,2018-06-22,1.0,0,0,3,30.0,1.0
1,1,1,7853.981633974482,47.5,2018-06-22,1.0,0,0,3,30.0,1.0
2,2,2,8494.8665353068,47.5,2018-06-22,1.0,0,0,3,30.0,1.0
3,3,3,13684.777599037141,47.5,2018-06-22,2.0,0,0,3,30.0,1.0
4,4,4,34636.05900582747,47.5,2018-06-22,2.0,0,0,3,30.0,1.0
5,5,5,7542.963961269093,47.5,2018-06-22,2.0,0,0,3,30.0,1.0
6,6,6,4536.459791783661,47.5,2018-06-22,1.0,0,0,4,30.0,1.0
7,7,7,4778.362426110075,47.5,2018-06-22,1.0,0,0,4,30.0,1.0
8,8,8,6082.12337734984,47.5,2018-06-22,1.0,0,0,4,30.0,1.0
9,9,9,6647.610054996002,47.5,2018-06-22,2.0,0,0,4,30.0,1.0
10,10,10,6361.725123519331,47.5,2018-06-22,2.0,0,0,4,30.0,1.0
11,11,11,4071.5040790523717,47.5,2018-06-22,2.0,0,0,4,30.0,1.0
12,12,12,17203.36137105771,50.0,2018-06-22,1.0,0,0,3,30.0,1.0
13,13,13,101787.60197630928,50.0,2018-06-22,1.0,0,0,3,30.0,1.0
14,14,14,13684.777599037141,50.0,2018-06-22,1.0,0,0,3,30.0,1.0
15,15,15,10568.317686676064,50.0,2018-06-22,2.0,0,0,3,30.0,1.0
16,16,16,14957.122623741003,50.0,2018-06-22,2.0,0,0,3,30.0,1.0
17,17,17,18145.839167134644,50.0,2018-06-22,2.0,0,0,3,30.0,1.0
18,18,19,6939.778171779853,50.0,2018-06-22,1.0,0,0,4,30.0,1.0
19,19,20,9503.317777109123,50.0,2018-06-22,1.0,0,0,4,30.0,1.0
20,20,22,6647.610054996002,50.0,2018-06-22,2.0,0,0,4,30.0,1.0
21,21,24,76453.7988177612,52.5,2018-06-22,1.0,0,0,3,30.0,1.0
22,22,25,10568.317686676064,52.5,2018-06-22,1.0,0,0,3,30.0,1.0
23,23,26,11309.733552923257,52.5,2018-06-22,1.0,0,0,3,30.0,1.0
24,24,27,11309.733552923257,52.5,2018-06-22,2.0,0,0,3,30.0,1.0
25,25,28,6361.725123519331,52.5,2018-06-22,2.0,0,0,3,30.0,1.0
26,26,29,5281.017250684442,52.5,2018-06-22,2.0,0,0,3,30.0,1.0
27,27,30,4071.5040790523717,52.5,2018-06-22,1.0,0,0,4,30.0,1.0
28,28,31,6361.725123519331,52.5,2018-06-22,1.0,0,0,4,30.0,1.0
29,29,32,14957.122623741003,52.5,2018-06-22,1.0,0,0,4,30.0,1.0
30,30,33,35298.93505573492,52.5,2018-06-22,2.0,0,0,4,30.0,1.0
31,31,34,5026.548245743669,52.5,2018-06-22,2.0,0,0,4,30.0,1.0
32,32,35,5541.769440932395,52.5,2018-06-22,2.0,0,0,4,30.0,1.0
33,33,36,10935.88402714607,19.5,2018-06-22,1.0,0,1,1,30.0,1.0
34,34,37,21124.069002737768,19.5,2018-06-22,1.0,0,1,1,30.0,1.0
35,35,38,7853.981633974482,19.5,2018-06-22,1.0,0,1,1,30.0,1.0
36,36,39,14957.122623741003,19.5,2018-06-22,2.0,0,1,1,30.0,1.0
37,37,40,9503.317777109123,19.5,2018-06-22,2.0,0,1,1,30.0,1.0
38,38,41,8171.282491987052,19.5,2018-06-22,2.0,0,1,1,30.0,1.0
39,39,42,27171.63486089812,19.5,2018-06-22,1.0,0,1,2,30.0,1.0
40,40,43,23235.21926595011,19.5,2018-06-22,1.0,0,1,2,30.0,1.0
41,41,44,38707.56308487984,19.5,2018-06-22,1.0,0,1,2,30.0,1.0
42,42,45,15836.768566746145,19.5,2018-06-22,1.0,0,1,2,30.0,1.0
43,43,46,15393.804002589983,19.5,2018-06-22,1.0,0,1,2,30.0,1.0
44,44,47,22167.07776372958,19.5,2018-06-22,1.0,0,1,2,30.0,1.0
45,45,48,14526.724430199203,19.5,2018-06-22,1.0,0,1,2,30.0,1.0
46,46,49,21124.069002737768,19.5,2018-06-22,1.0,0,1,2,30.0,1.0
47,47,50,28952.91789548353,19.5,2018-06-22,2.0,0,1,2,30.0,1.0
48,48,51,18145.839167134644,19.5,2018-06-22,2.0,0,1,2,30.0,1.0
49,49,52,19113.4497044403,19.5,2018-06-22,2.0,0,1,2,30.0,1.0
50,50,53,30171.855845076367,19.5,2018-06-22,2.0,0,1,2,30.0,1.0
51,51,54,30171.855845076367,19.5,2018-06-22,2.0,0,1,2,30.0,1.0
52,52,55,49875.92496839156,19.5,2018-06-22,2.0,0,1,2,30.0,1.0
53,53,56,28352.873698647887,19.5,2018-06-22,2.0,0,1,2,30.0,1.0
54,54,57,30790.749597833565,19.5,2018-06-22,2.0,0,1,2,30.0,1.0
55,55,58,15836.768566746145,19.5,2018-06-22,1.0,0,1,3,30.0,1.0
56,56,59,83468.97521322721,19.5,2018-06-22,1.0,0,1,3,30.0,1.0
57,57,60,9503.317777109123,19.5,2018-06-22,1.0,0,1,3,30.0,1.0
58,58,61,74506.01137253553,19.5,2018-06-22,2.0,0,1,3,30.0,1.0
59,59,62,60698.71166000839,19.5,2018-06-22,2.0,0,1,3,30.0,1.0
60,60,63,10207.034531513238,19.5,2018-06-22,2.0,0,1,3,30.0,1.0
61,61,64,123162.99839133426,39.0,2018-06-22,1.0,0,1,3,30.0,1.0
62,62,65,35968.09429094953,39.0,2018-06-22,1.0,0,1,3,30.0,1.0
63,63,66,26015.528764377075,39.0,2018-06-22,1.0,0,1,3,30.0,1.0
64,64,67,65144.06526483795,39.0,2018-06-22,2.0,0,1,3,30.0,1.0
65,65,68,81433.22317370103,39.0,2018-06-22,2.0,0,1,3,30.0,1.0
66,66,69,29559.245277626364,39.0,2018-06-22,2.0,0,1,3,30.0,1.0
67,67,70,6939.778171779853,39.0,2018-06-22,1.0,0,1,4,30.0,1.0
68,68,71,5281.017250684442,39.0,2018-06-22,1.0,0,1,4,30.0,1.0
69,69,72,5808.804816487527,39.0,2018-06-22,1.0,0,1,4,30.0,1.0
70,70,73,104062.1150575083,39.0,2018-06-22,2.0,0,1,4,30.0,1.0
71,71,74,13273.228961416875,39.0,2018-06-22,2.0,0,1,4,30.0,1.0
72,72,75,4071.5040790523717,39.0,2018-06-22,2.0,0,1,4,30.0,1.0
73,73,76,83468.97521322721,58.5,2018-06-22,1.0,0,1,3,30.0,1.0
74,74,77,19113.4497044403,58.5,2018-06-22,1.0,0,1,3,30.0,1.0
75,75,78,38707.56308487984,58.5,2018-06-22,1.0,0,1,3,30.0,1.0
76,76,79,32685.129967948207,58.5,2018-06-22,2.0,0,1,3,30.0,1.0
77,77,80,49087.385212340516,58.5,2018-06-22,2.0,0,1,3,30.0,1.0
78,78,81,9503.317777109123,58.5,2018-06-22,2.0,0,1,3,30.0,1.0
79,79,82,10935.88402714607,58.5,2018-06-22,1.0,0,1,4,30.0,1.0
80,80,84,12867.96350910379,58.5,2018-06-22,1.0,0,1,4,30.0,1.0
81,81,85,11689.86626400762,58.5,2018-06-22,2.0,0,1,4,30.0,1.0
82,82,87,5026.548245743669,58.5,2018-06-22,2.0,0,1,4,30.0,1.0
83,83,88,16741.54725098001,20.0,2018-06-22,1.0,0,2,2,30.0,1.0
84,84,89,13273.228961416875,20.0,2018-06-22,1.0,0,2,2,30.0,1.0
85,85,90,13273.228961416875,20.0,2018-06-22,1.0,0,2,2,30.0,1.0
86,86,91,7853.981633974482,20.0,2018-06-22,1.0,0,2,2,30.0,1.0
87,87,92,7238.229473870882,20.0,2018-06-22,1.0,0,2,2,30.0,1.0
88,88,93,9160.884177867836,20.0,2018-06-22,1.0,0,2,2,30.0,1.0
89,89,94,10207.034531513238,20.0,2018-06-22,1.0,0,2,2,30.0,1.0
90,90,95,8494.8665353068,20.0,2018-06-22,1.0,0,2,2,30.0,1.0
91,91,96,8171.282491987052,20.0,2018-06-22,1.0,0,2,3,30.0,1.0
92,92,97,6647.610054996002,20.0,2018-06-22,1.0,0,2,3,30.0,1.0
93,93,98,9160.884177867836,20.0,2018-06-22,1.0,0,2,3,30.0,1.0
94,94,99,12076.282160399165,20.0,2018-06-22,1.0,0,2,4,30.0,1.0
95,95,100,6082.12337734984,20.0,2018-06-22,1.0,0,2,4,30.0,1.0
96,96,101,11309.733552923257,20.0,2018-06-22,1.0,0,2,4,30.0,1.0
97,97,102,256969.7126930307,47.5,2018-06-23,1.0,0,0,3,30.0,2.0
98,98,103,39408.13824663036,47.5,2018-06-23,1.0,0,0,3,30.0,2.0
99,99,104,7238.229473870882,47.5,2018-06-23,1.0,0,0,3,30.0,2.0
100,100,105,101787.60197630928,47.5,2018-06-23,2.0,0,0,3,30.0,2.0
101,101,106,83468.97521322721,47.5,2018-06-23,2.0,0,0,3,30.0,2.0
102,102,107,124410.2106748094,47.5,2018-06-23,2.0,0,0,3,30.0,2.0
103,103,108,8494.8665353068,47.5,2018-06-23,1.0,0,0,4,30.0,2.0
104,104,109,5281.017250684442,47.5,2018-06-23,1.0,0,0,4,30.0,2.0
105,105,110,8171.282491987052,47.5,2018-06-23,1.0,0,0,4,30.0,2.0
106,106,111,4778.362426110075,47.5,2018-06-23,2.0,0,0,4,30.0,2.0
107,107,112,4536.459791783661,47.5,2018-06-23,2.0,0,0,4,30.0,2.0
108,108,113,17203.36137105771,47.5,2018-06-23,2.0,0,0,4,30.0,2.0
109,109,114,256969.7126930307,50.0,2018-06-23,1.0,0,0,3,30.0,2.0
110,110,115,109858.35350338148,50.0,2018-06-23,1.0,0,0,3,30.0,2.0
111,111,116,121922.06929316625,50.0,2018-06-23,1.0,0,0,3,30.0,2.0
112,112,117,89727.02777917807,50.0,2018-06-23,2.0,0,0,3,30.0,2.0
113,113,118,51471.85403641516,50.0,2018-06-23,2.0,0,0,3,30.0,2.0
114,114,119,154830.25233951936,50.0,2018-06-23,2.0,0,0,3,30.0,2.0
115,115,120,53912.871528254436,50.0,2018-06-23,1.0,0,0,4,30.0,2.0
116,116,121,5026.548245743669,50.0,2018-06-23,1.0,0,0,4,30.0,2.0
117,117,122,5808.804816487527,50.0,2018-06-23,1.0,0,0,4,30.0,2.0
118,118,123,18145.839167134644,50.0,2018-06-23,2.0,0,0,4,30.0,2.0
119,119,124,5808.804816487527,50.0,2018-06-23,2.0,0,0,4,30.0,2.0
120,120,125,9160.884177867836,50.0,2018-06-23,2.0,0,0,4,30.0,2.0
121,121,126,199503.69987356625,52.5,2018-06-23,1.0,0,0,3,30.0,2.0
122,122,127,27759.112687119414,52.5,2018-06-23,1.0,0,0,3,30.0,2.0
123,123,128,27171.63486089812,52.5,2018-06-23,1.0,0,0,3,30.0,2.0
124,124,129,25446.900494077323,52.5,2018-06-23,2.0,0,0,3,30.0,2.0
125,125,130,24884.55540908475,52.5,2018-06-23,2.0,0,0,3,30.0,2.0
126,126,131,31415.92653589793,52.5,2018-06-23,2.0,0,0,3,30.0,2.0
127,127,132,25446.900494077323,52.5,2018-06-23,1.0,0,0,4,30.0,2.0
128,128,133,81433.22317370103,52.5,2018-06-23,1.0,0,0,4,30.0,2.0
129,129,134,4536.459791783661,52.5,2018-06-23,1.0,0,0,4,30.0,2.0
130,130,135,149301.04926920132,52.5,2018-06-23,2.0,0,0,4,30.0,2.0
131,131,136,7238.229473870882,52.5,2018-06-23,2.0,0,0,4,30.0,2.0
132,132,137,8494.8665353068,52.5,2018-06-23,2.0,0,0,4,30.0,2.0
133,133,138,89727.02777917807,19.5,2018-06-23,1.0,0,1,2,30.0,2.0
134,134,139,49087.385212340516,19.5,2018-06-23,1.0,0,1,2,30.0,2.0
135,135,140,45996.05804120816,19.5,2018-06-23,1.0,0,1,2,30.0,2.0
136,136,141,114608.44159560926,19.5,2018-06-23,1.0,0,1,2,30.0,2.0
137,137,142,13273.228961416875,19.5,2018-06-23,1.0,0,1,2,30.0,2.0
138,138,143,57255.52611167397,19.5,2018-06-23,1.0,0,1,2,30.0,2.0
139,139,144,52279.24334838776,19.5,2018-06-23,1.0,0,1,2,30.0,2.0
140,140,145,30790.749597833565,19.5,2018-06-23,1.0,0,1,2,30.0,2.0
141,141,146,86569.72716232034,19.5,2018-06-23,2.0,0,1,2,30.0,2.0
142,142,147,43005.26183499069,19.5,2018-06-23,2.0,0,1,2,30.0,2.0
143,143,148,23235.21926595011,19.5,2018-06-23,2.0,0,1,2,30.0,2.0
144,144,149,58964.552515226824,19.5,2018-06-23,2.0,0,1,2,30.0,2.0
145,145,150,45996.05804120816,19.5,2018-06-23,2.0,0,1,2,30.0,2.0
146,146,151,41547.56284372501,19.5,2018-06-23,2.0,0,1,2,30.0,2.0
147,147,152,66051.9855417254,19.5,2018-06-23,2.0,0,1,2,30.0,2.0
148,148,153,28352.873698647887,19.5,2018-06-23,2.0,0,1,2,30.0,2.0
149,149,154,133316.62584773643,19.5,2018-06-23,1.0,0,1,3,30.0,2.0
150,150,155,218956.44158459426,19.5,2018-06-23,1.0,0,1,3,30.0,2.0
151,151,156,108686.53944359248,19.5,2018-06-23,1.0,0,1,3,30.0,2.0
152,152,157,185507.90460182368,19.5,2018-06-23,2.0,0,1,3,30.0,2.0
153,153,158,205887.41614566065,19.5,2018-06-23,2.0,0,1,3,30.0,2.0
154,154,159,88668.31105491832,19.5,2018-06-23,2.0,0,1,3,30.0,2.0
155,155,160,9160.884177867836,19.5,2018-06-23,1.0,0,1,4,30.0,1.0
156,156,161,9503.317777109123,19.5,2018-06-23,1.0,0,1,4,30.0,1.0
157,157,162,25446.900494077323,19.5,2018-06-23,1.0,0,1,4,30.0,1.0
158,158,163,12867.96350910379,19.5,2018-06-23,2.0,0,1,4,30.0,1.0
159,159,164,12468.981242097889,19.5,2018-06-23,2.0,0,1,4,30.0,1.0
160,160,165,16286.016316209487,19.5,2018-06-23,2.0,0,1,4,30.0,1.0
161,161,166,271546.7026056874,39.0,2018-06-23,1.0,0,1,3,30.0,2.0
162,162,167,137227.90870145574,39.0,2018-06-23,1.0,0,1,3,30.0,2.0
163,163,168,230721.706072288,39.0,2018-06-23,1.0,0,1,3,30.0,2.0
164,164,169,197923.4787688105,39.0,2018-06-23,2.0,0,1,3,30.0,2.0
165,165,170,340049.1304172128,39.0,2018-06-23,2.0,0,1,3,30.0,2.0
166,166,171,188574.09903172727,39.0,2018-06-23,2.0,0,1,3,30.0,2.0
167,167,172,109858.35350338148,39.0,2018-06-23,1.0,0,1,4,30.0,2.0
168,168,173,187037.86022412192,39.0,2018-06-23,1.0,0,1,4,30.0,2.0
169,169,174,10568.317686676064,39.0,2018-06-23,1.0,0,1,4,30.0,2.0
170,170,175,201090.20416362907,39.0,2018-06-23,2.0,0,1,4,30.0,2.0
171,171,176,363168.11075498007,39.0,2018-06-23,2.0,0,1,4,30.0,2.0
172,172,177,109858.35350338148,39.0,2018-06-23,2.0,0,1,4,30.0,2.0
173,173,178,173494.45429449633,58.5,2018-06-23,1.0,0,1,3,30.0,2.0
174,174,179,197923.4787688105,58.5,2018-06-23,1.0,0,1,3,30.0,2.0
175,175,180,91863.31078361912,58.5,2018-06-23,1.0,0,1,3,30.0,2.0
176,176,181,180955.73684677208,58.5,2018-06-23,2.0,0,1,3,30.0,2.0
177,177,182,183984.23216483265,58.5,2018-06-23,2.0,0,1,3,30.0,2.0
178,178,183,12867.96350910379,58.5,2018-06-23,2.0,0,1,3,30.0,2.0
179,179,184,9503.317777109123,58.5,2018-06-23,1.0,0,1,4,30.0,2.0
180,180,185,4778.362426110075,58.5,2018-06-23,1.0,0,1,4,30.0,2.0
181,181,186,4071.5040790523717,58.5,2018-06-23,1.0,0,1,4,30.0,2.0
182,182,187,22698.00692218625,58.5,2018-06-23,2.0,0,1,4,30.0,2.0
183,183,188,70685.83470577035,58.5,2018-06-23,2.0,0,1,4,30.0,2.0
184,184,189,11309.733552923257,58.5,2018-06-23,2.0,0,1,4,30.0,2.0
185,185,190,32047.386659269483,20.0,2018-06-23,1.0,0,2,2,30.0,2.0
186,186,191,32047.386659269483,20.0,2018-06-23,1.0,0,2,2,30.0,2.0
187,187,192,28352.873698647887,20.0,2018-06-23,1.0,0,2,2,30.0,2.0
188,188,193,21642.43179058008,20.0,2018-06-23,1.0,0,2,2,30.0,2.0
189,189,194,19113.4497044403,20.0,2018-06-23,1.0,0,2,2,30.0,2.0
190,190,195,22698.00692218625,20.0,2018-06-23,1.0,0,2,2,30.0,2.0
191,191,196,32685.129967948207,20.0,2018-06-23,1.0,0,2,2,30.0,2.0
192,192,197,16286.016316209487,20.0,2018-06-23,1.0,0,2,2,30.0,2.0
193,193,198,61575.21601035994,20.0,2018-06-23,1.0,0,2,3,30.0,2.0
194,194,199,37325.26231730033,20.0,2018-06-23,1.0,0,2,3,30.0,2.0
195,195,200,18145.839167134644,20.0,2018-06-23,1.0,0,2,3,30.0,2.0
196,196,201,21124.069002737768,20.0,2018-06-23,1.0,0,2,3,30.0,2.0
197,197,202,30171.855845076367,20.0,2018-06-23,1.0,0,2,4,30.0,2.0
198,198,203,16286.016316209487,20.0,2018-06-23,1.0,0,2,4,30.0,2.0
199,199,204,11309.733552923257,20.0,2018-06-23,1.0,0,2,4,30.0,2.0
200,200,205,497640.8426992376,47.5,2018-06-24,1.0,0,0,3,30.0,3.0
201,201,206,167638.52558820494,47.5,2018-06-24,1.0,0,0,3,30.0,3.0
202,202,207,9503.317777109123,47.5,2018-06-24,1.0,0,0,3,30.0,3.0
203,203,208,273397.10067865177,47.5,2018-06-24,2.0,0,0,3,30.0,3.0
204,204,209,269702.5877180301,47.5,2018-06-24,2.0,0,0,3,30.0,3.0
205,205,210,237582.9444277281,47.5,2018-06-24,2.0,0,0,3,30.0,3.0
206,206,211,7853.981633974482,47.5,2018-06-24,1.0,0,0,4,30.0,3.0
207,207,212,8494.8665353068,47.5,2018-06-24,1.0,0,0,4,30.0,3.0
208,208,214,6647.610054996002,47.5,2018-06-24,2.0,0,0,4,30.0,3.0
209,209,215,5281.017250684442,47.5,2018-06-24,2.0,0,0,4,30.0,3.0
210,210,216,7542.963961269093,47.5,2018-06-24,2.0,0,0,4,30.0,3.0
211,211,217,356787.53607553925,50.0,2018-06-24,1.0,0,0,3,30.0,3.0
212,212,218,354673.2442196733,50.0,2018-06-24,1.0,0,0,3,30.0,3.0
213,213,219,492651.99356533703,50.0,2018-06-24,1.0,0,0,3,30.0,3.0
214,214,220,329791.8304032421,50.0,2018-06-24,2.0,0,0,3,30.0,3.0
215,215,221,315695.5041665847,50.0,2018-06-24,2.0,0,0,3,30.0,3.0
216,216,222,220618.3440983432,50.0,2018-06-24,2.0,0,0,3,30.0,3.0
217,217,223,108686.53944359248,50.0,2018-06-24,1.0,0,0,4,30.0,3.0
218,218,224,10207.034531513238,50.0,2018-06-24,1.0,0,0,4,30.0,3.0
219,219,225,8494.8665353068,50.0,2018-06-24,1.0,0,0,4,30.0,3.0
220,220,226,183984.23216483265,50.0,2018-06-24,2.0,0,0,4,30.0,3.0
221,221,227,10207.034531513238,50.0,2018-06-24,2.0,0,0,4,30.0,3.0
222,222,228,5026.548245743669,50.0,2018-06-24,2.0,0,0,4,30.0,3.0
223,223,229,465662.5710783471,52.5,2018-06-24,1.0,0,0,3,30.0,3.0
224,224,230,154830.25233951936,52.5,2018-06-24,1.0,0,0,3,30.0,3.0
225,225,231,172021.0473399627,52.5,2018-06-24,1.0,0,0,3,30.0,3.0
226,226,232,128189.54663707793,52.5,2018-06-24,2.0,0,0,3,30.0,3.0
227,227,233,220618.3440983432,52.5,2018-06-24,2.0,0,0,3,30.0,3.0
228,228,234,14102.609421964582,52.5,2018-06-24,2.0,0,0,3,30.0,3.0
229,229,235,115811.67158193412,52.5,2018-06-24,1.0,0,0,4,30.0,3.0
230,230,236,197923.4787688105,52.5,2018-06-24,1.0,0,0,4,30.0,3.0
231,231,237,13684.777599037141,52.5,2018-06-24,1.0,0,0,4,30.0,3.0
232,232,238,361034.96934319264,52.5,2018-06-24,2.0,0,0,4,30.0,3.0
233,233,239,16741.54725098001,52.5,2018-06-24,2.0,0,0,4,30.0,3.0
234,234,240,4300.840342764427,52.5,2018-06-24,2.0,0,0,4,30.0,3.0
235,235,241,217300.82225615237,19.5,2018-06-24,1.0,0,1,2,30.0,3.0
236,236,242,82447.95760081054,19.5,2018-06-24,1.0,0,1,2,30.0,3.0
237,237,243,167638.52558820494,19.5,2018-06-24,1.0,0,1,2,30.0,3.0
238,238,244,96211.2750161874,19.5,2018-06-24,1.0,0,1,2,30.0,3.0
239,239,245,76453.7988177612,19.5,2018-06-24,1.0,0,1,2,30.0,3.0
240,240,246,124410.2106748094,19.5,2018-06-24,1.0,0,1,2,30.0,3.0
241,241,247,149301.04926920132,19.5,2018-06-24,1.0,0,1,2,30.0,3.0
242,242,248,33329.156461934115,19.5,2018-06-24,1.0,0,1,2,30.0,3.0
243,243,249,113411.49479459152,19.5,2018-06-24,2.0,0,1,2,30.0,3.0
244,244,250,67886.67565142184,19.5,2018-06-24,2.0,0,1,2,30.0,3.0
245,245,251,112220.831178881,19.5,2018-06-24,2.0,0,1,2,30.0,3.0
246,246,252,104062.1150575083,19.5,2018-06-24,2.0,0,1,2,30.0,3.0
247,247,253,111036.45074847764,19.5,2018-06-24,2.0,0,1,2,30.0,3.0
248,248,254,150673.92525882006,19.5,2018-06-24,2.0,0,1,2,30.0,3.0
249,249,255,77437.11731833481,19.5,2018-06-24,2.0,0,1,2,30.0,3.0
250,250,256,26590.440219984008,19.5,2018-06-24,2.0,0,1,2,30.0,3.0
251,251,257,286525.8163780035,19.5,2018-06-24,1.0,0,1,3,30.0,3.0
252,252,258,427762.39730543975,19.5,2018-06-24,1.0,0,1,3,30.0,3.0
253,253,259,278985.994009388,19.5,2018-06-24,1.0,0,1,3,30.0,3.0
254,254,260,65144.06526483795,19.5,2018-06-24,1.0,0,1,4,30.0,2.0
255,255,261,8171.282491987052,19.5,2018-06-24,1.0,0,1,4,30.0,2.0
256,256,262,17671.458676442588,19.5,2018-06-24,1.0,0,1,4,30.0,2.0
257,257,263,5026.548245743669,19.5,2018-06-24,2.0,0,1,4,30.0,2.0
258,258,264,7853.981633974482,19.5,2018-06-24,2.0,0,1,4,30.0,2.0
259,259,266,327759.21995636955,19.5,2018-06-24,2.0,0,1,3,30.0,3.0
260,260,267,423137.9729193557,19.5,2018-06-24,2.0,0,1,3,30.0,3.0
261,261,268,161883.12784682846,19.5,2018-06-24,2.0,0,1,3,30.0,3.0
262,262,269,129461.8916617818,19.5,2018-06-24,2.0,0,1,3,30.0,3.0
263,263,270,525528.7606851542,39.0,2018-06-24,1.0,0,1,3,30.0,3.0
264,264,271,407150.40790523717,39.0,2018-06-24,1.0,0,1,3,30.0,3.0
265,265,272,480289.8264734612,39.0,2018-06-24,1.0,0,1,3,30.0,3.0
266,266,273,448883.324715524,39.0,2018-06-24,2.0,0,1,3,30.0,3.0
267,267,274,583585.3929234935,39.0,2018-06-24,2.0,0,1,3,30.0,3.0
268,268,275,472947.9244420218,39.0,2018-06-24,2.0,0,1,3,30.0,3.0
269,269,276,258769.8452835377,39.0,2018-06-24,1.0,0,1,4,30.0,3.0
270,270,277,182466.84291314878,39.0,2018-06-24,1.0,0,1,4,30.0,3.0
271,271,278,348368.0677639185,39.0,2018-06-24,1.0,0,1,4,30.0,3.0
272,272,279,190116.62102464,39.0,2018-06-24,2.0,0,1,4,30.0,3.0
273,273,280,271546.7026056874,39.0,2018-06-24,2.0,0,1,4,30.0,3.0
274,274,281,586296.5873835415,39.0,2018-06-24,2.0,0,1,4,30.0,3.0
275,275,282,241051.26271729125,58.5,2018-06-24,1.0,0,1,3,30.0,3.0
276,276,283,391470.71897117054,58.5,2018-06-24,1.0,0,1,3,30.0,3.0
277,277,284,597204.1970768053,58.5,2018-06-24,1.0,0,1,3,30.0,3.0
278,278,285,395919.21416865365,58.5,2018-06-24,2.0,0,1,3,30.0,3.0
279,279,286,451261.5103542915,58.5,2018-06-24,2.0,0,1,3,30.0,3.0
280,280,287,12867.96350910379,58.5,2018-06-24,2.0,0,1,3,30.0,3.0
281,281,288,8824.73376393373,58.5,2018-06-24,1.0,0,1,4,30.0,3.0
282,282,289,6647.610054996002,58.5,2018-06-24,1.0,0,1,4,30.0,3.0
283,283,290,4300.840342764427,58.5,2018-06-24,1.0,0,1,4,30.0,3.0
284,284,291,299962.408157407,58.5,2018-06-24,2.0,0,1,4,30.0,3.0
285,285,292,12076.282160399165,58.5,2018-06-24,2.0,0,1,4,30.0,3.0
286,286,293,6361.725123519331,58.5,2018-06-24,2.0,0,1,4,30.0,3.0
287,287,294,64242.42817325768,20.0,2018-06-24,1.0,0,2,2,30.0,3.0
288,288,295,57255.52611167397,20.0,2018-06-24,1.0,0,2,2,30.0,3.0
289,289,296,53912.871528254436,20.0,2018-06-24,1.0,0,2,2,30.0,3.0
290,290,297,61575.21601035994,20.0,2018-06-24,1.0,0,2,2,30.0,3.0
291,291,298,31415.92653589793,20.0,2018-06-24,1.0,0,2,2,30.0,3.0
292,292,299,77437.11731833481,20.0,2018-06-24,1.0,0,2,2,30.0,3.0
293,293,300,25446.900494077323,20.0,2018-06-24,1.0,0,2,2,30.0,3.0
294,294,301,46759.46505603048,20.0,2018-06-24,1.0,0,2,2,30.0,3.0
295,295,302,123162.99839133426,20.0,2018-06-24,1.0,0,2,3,30.0,3.0
296,296,303,126923.48479768125,20.0,2018-06-24,1.0,0,2,3,30.0,3.0
297,297,304,77437.11731833481,20.0,2018-06-24,1.0,0,2,3,30.0,3.0
298,298,305,173494.45429449633,20.0,2018-06-24,1.0,0,2,3,30.0,3.0
299,299,306,79422.60387540355,20.0,2018-06-24,1.0,0,2,4,30.0,3.0
300,300,307,12867.96350910379,20.0,2018-06-24,1.0,0,2,4,30.0,3.0
301,301,308,5281.017250684442,20.0,2018-06-24,1.0,0,2,4,30.0,3.0
302,302,309,974675.9791835796,47.5,2018-06-25,1.0,0,0,3,30.0,4.0
303,303,310,480289.8264734612,47.5,2018-06-25,1.0,0,0,3,30.0,4.0
304,304,311,23778.714795021144,47.5,2018-06-25,1.0,0,0,3,30.0,4.0
305,305,312,664761.0054996002,47.5,2018-06-25,2.0,0,0,3,30.0,4.0
306,306,313,810731.9665559962,47.5,2018-06-25,2.0,0,0,3,30.0,4.0
307,307,314,622113.8852271186,47.5,2018-06-25,2.0,0,0,3,30.0,4.0
308,308,315,8494.8665353068,47.5,2018-06-25,1.0,0,0,4,30.0,4.0
309,309,316,9852.03456165759,47.5,2018-06-25,1.0,0,0,4,30.0,4.0
310,310,317,7853.981633974482,47.5,2018-06-25,1.0,0,0,4,30.0,4.0
311,311,318,6361.725123519331,47.5,2018-06-25,2.0,0,0,4,30.0,4.0
312,312,319,10568.317686676064,47.5,2018-06-25,2.0,0,0,4,30.0,4.0
313,313,320,7238.229473870882,47.5,2018-06-25,2.0,0,0,4,30.0,4.0
314,314,321,520401.6814744956,50.0,2018-06-25,1.0,0,0,3,30.0,4.0
315,315,322,869203.2890246095,50.0,2018-06-25,1.0,0,0,3,30.0,4.0
316,316,323,453645.9791783661,50.0,2018-06-25,1.0,0,0,3,30.0,4.0
317,317,324,517847.5666471272,50.0,2018-06-25,2.0,0,0,3,30.0,4.0
318,318,325,477836.2426110075,50.0,2018-06-25,2.0,0,0,3,30.0,4.0
319,319,326,548911.634805823,50.0,2018-06-25,2.0,0,0,3,30.0,4.0
320,320,327,437086.64430129435,50.0,2018-06-25,1.0,0,0,4,30.0,4.0
321,321,329,6361.725123519331,50.0,2018-06-25,1.0,0,0,4,30.0,4.0
322,322,330,371763.50825520174,50.0,2018-06-25,2.0,0,0,4,30.0,4.0
323,323,332,5808.804816487527,50.0,2018-06-25,2.0,0,0,4,30.0,4.0
324,324,333,373928.06559352507,52.5,2018-06-25,1.0,0,0,3,30.0,4.0
325,325,334,398152.886545356,52.5,2018-06-25,1.0,0,0,3,30.0,4.0
326,326,335,807543.2500126028,52.5,2018-06-25,1.0,0,0,3,30.0,4.0
327,327,336,321699.08772759483,52.5,2018-06-25,2.0,0,0,3,30.0,4.0
328,328,337,342119.4399759285,52.5,2018-06-25,2.0,0,0,3,30.0,4.0
329,329,338,9503.317777109123,52.5,2018-06-25,2.0,0,0,3,30.0,4.0
330,330,339,376098.9061171557,52.5,2018-06-25,1.0,0,0,4,30.0,4.0
331,331,340,317690.4155016142,52.5,2018-06-25,1.0,0,0,4,30.0,4.0
332,332,341,8494.8665353068,52.5,2018-06-25,1.0,0,0,4,30.0,4.0
333,333,342,664761.0054996002,52.5,2018-06-25,2.0,0,0,4,30.0,4.0
334,334,343,5026.548245743669,52.5,2018-06-25,2.0,0,0,4,30.0,4.0
335,335,344,16741.54725098001,52.5,2018-06-25,2.0,0,0,4,30.0,4.0
336,336,345,551541.1478568778,19.5,2018-06-25,1.0,0,1,2,30.0,4.0
337,337,346,130740.51987179286,19.5,2018-06-25,1.0,0,1,2,30.0,4.0
338,338,347,367453.2431344765,19.5,2018-06-25,1.0,0,1,2,30.0,4.0
339,339,348,106361.76087993603,19.5,2018-06-25,1.0,0,1,2,30.0,4.0
340,340,349,69746.49850234699,19.5,2018-06-25,1.0,0,1,2,30.0,4.0
341,341,350,242794.8466400336,19.5,2018-06-25,1.0,0,1,2,30.0,4.0
342,342,351,242794.8466400336,19.5,2018-06-25,1.0,0,1,2,30.0,4.0
343,343,352,123162.99839133426,19.5,2018-06-25,1.0,0,1,2,30.0,4.0
344,344,353,215651.48611301775,19.5,2018-06-25,2.0,0,1,2,30.0,4.0
345,345,354,196349.54084936206,19.5,2018-06-25,2.0,0,1,2,30.0,4.0
346,346,355,196349.54084936206,19.5,2018-06-25,2.0,0,1,2,30.0,4.0
347,347,356,138544.23602330987,19.5,2018-06-25,2.0,0,1,2,30.0,4.0
348,348,357,232427.59088318725,19.5,2018-06-25,2.0,0,1,2,30.0,4.0
349,349,358,163312.5525042118,19.5,2018-06-25,2.0,0,1,2,30.0,4.0
350,350,359,194781.88611522075,19.5,2018-06-25,2.0,0,1,2,30.0,4.0
351,351,360,264207.9421669016,19.5,2018-06-25,2.0,0,1,2,30.0,4.0
352,352,361,559467.3861218847,19.5,2018-06-25,1.0,0,1,3,30.0,4.0
353,353,362,510222.9212768647,19.5,2018-06-25,1.0,0,1,3,30.0,4.0
354,354,363,505171.2402898922,19.5,2018-06-25,1.0,0,1,3,30.0,4.0
355,355,364,280861.5248235811,19.5,2018-06-25,2.0,0,1,3,30.0,4.0
356,356,365,325732.8926948041,19.5,2018-06-25,2.0,0,1,3,30.0,4.0
357,357,366,497640.8426992376,19.5,2018-06-25,2.0,0,1,3,30.0,4.0
358,358,367,597204.1970768053,19.5,2018-06-25,2.0,0,1,3,30.0,4.0
359,359,368,260576.2610593518,19.5,2018-06-25,1.0,0,1,4,30.0,3.0
360,360,369,17671.458676442588,19.5,2018-06-25,1.0,0,1,4,30.0,3.0
361,361,370,16286.016316209487,19.5,2018-06-25,1.0,0,1,4,30.0,3.0
362,362,371,11309.733552923257,19.5,2018-06-25,2.0,0,1,4,30.0,3.0
363,363,372,8824.73376393373,19.5,2018-06-25,2.0,0,1,4,30.0,3.0
364,364,373,8494.8665353068,19.5,2018-06-25,2.0,0,1,4,30.0,3.0
365,365,374,656118.4841095747,39.0,2018-06-25,1.0,0,1,3,30.0,4.0
366,366,375,757378.298520081,39.0,2018-06-25,1.0,0,1,3,30.0,4.0
367,367,376,548911.634805823,39.0,2018-06-25,1.0,0,1,3,30.0,4.0
368,368,377,685146.8002287444,39.0,2018-06-25,2.0,0,1,3,30.0,4.0
369,369,378,627718.486521123,39.0,2018-06-25,2.0,0,1,3,30.0,4.0
370,370,379,776001.6597705613,39.0,2018-06-25,2.0,0,1,3,30.0,4.0
371,371,380,567450.1730546564,39.0,2018-06-25,1.0,0,1,4,30.0,4.0
372,372,381,520401.6814744956,39.0,2018-06-25,1.0,0,1,4,30.0,4.0
373,373,382,313706.8760168624,39.0,2018-06-25,1.0,0,1,4,30.0,4.0
374,374,383,922886.824289152,39.0,2018-06-25,2.0,0,1,4,30.0,4.0
375,375,384,463246.6863277365,39.0,2018-06-25,2.0,0,1,4,30.0,4.0
376,376,385,644683.0868505079,39.0,2018-06-25,2.0,0,1,4,30.0,4.0
377,377,386,616534.4166743433,58.5,2018-06-25,1.0,0,1,3,30.0,4.0
378,378,387,673460.0755573903,58.5,2018-06-25,1.0,0,1,3,30.0,4.0
379,379,388,556819.0235149085,58.5,2018-06-25,1.0,0,1,3,30.0,4.0
380,380,389,676372.3319472681,58.5,2018-06-25,2.0,0,1,3,30.0,4.0
381,381,390,589014.0650288967,58.5,2018-06-25,2.0,0,1,3,30.0,4.0
382,382,391,14957.122623741003,58.5,2018-06-25,1.0,0,1,4,30.0,4.0
383,383,392,16741.54725098001,58.5,2018-06-25,1.0,0,1,4,30.0,4.0
384,384,393,5026.548245743669,58.5,2018-06-25,1.0,0,1,4,30.0,4.0
385,385,394,633348.2205563559,58.5,2018-06-25,2.0,0,1,4,30.0,4.0
386,386,396,146574.14684588538,20.0,2018-06-25,1.0,0,2,2,30.0,4.0
387,387,397,146574.14684588538,20.0,2018-06-25,1.0,0,2,2,30.0,4.0
388,388,398,114608.44159560926,20.0,2018-06-25,1.0,0,2,2,30.0,4.0
389,389,399,67886.67565142184,20.0,2018-06-25,1.0,0,2,2,30.0,4.0
390,390,400,145220.12041218815,20.0,2018-06-25,1.0,0,2,2,30.0,4.0
391,391,401,78426.7190042156,20.0,2018-06-25,1.0,0,2,2,30.0,4.0
392,392,402,23778.714795021144,20.0,2018-06-25,1.0,0,2,2,30.0,4.0
393,393,403,28352.873698647887,20.0,2018-06-25,1.0,0,2,2,30.0,4.0
394,394,404,220618.3440983432,20.0,2018-06-25,1.0,0,2,3,30.0,4.0
395,395,405,149301.04926920132,20.0,2018-06-25,1.0,0,2,3,30.0,4.0
396,396,406,229022.10444669588,20.0,2018-06-25,1.0,0,2,3,30.0,4.0
397,397,407,420835.18550427427,20.0,2018-06-25,1.0,0,2,3,30.0,4.0
398,398,408,146574.14684588538,20.0,2018-06-25,1.0,0,2,4,30.0,4.0
399,399,409,7238.229473870882,20.0,2018-06-25,1.0,0,2,4,30.0,4.0
400,400,410,5026.548245743669,20.0,2018-06-25,1.0,0,2,4,30.0,4.0
401,401,411,702865.3827949908,47.5,2018-06-26,1.0,0,0,3,30.0,5.0
402,402,412,1056831.7686676064,47.5,2018-06-26,1.0,0,0,3,30.0,5.0
403,403,413,10935.88402714607,47.5,2018-06-26,1.0,0,0,3,30.0,5.0
404,404,414,772882.0582655466,47.5,2018-06-26,2.0,0,0,3,30.0,5.0
405,405,415,658993.0413876093,47.5,2018-06-26,2.0,0,0,3,30.0,5.0
406,406,416,676372.3319472681,47.5,2018-06-26,2.0,0,0,3,30.0,5.0
407,407,417,9160.884177867836,47.5,2018-06-26,2.0,0,0,4,30.0,5.0
408,408,418,4536.459791783661,47.5,2018-06-26,2.0,0,0,4,30.0,5.0
409,409,419,6939.778171779853,47.5,2018-06-26,2.0,0,0,4,30.0,5.0
410,410,420,8494.8665353068,47.5,2018-06-26,1.0,0,0,4,30.0,5.0
411,411,421,7853.981633974482,47.5,2018-06-26,1.0,0,0,4,30.0,5.0
412,412,422,5026.548245743669,47.5,2018-06-26,1.0,0,0,4,30.0,5.0
413,413,423,823549.6645826426,50.0,2018-06-26,1.0,0,0,3,30.0,5.0
414,414,424,1203735.7827421187,50.0,2018-06-26,1.0,0,0,3,30.0,5.0
415,415,425,711809.4970797609,50.0,2018-06-26,1.0,0,0,3,30.0,5.0
416,416,426,757378.298520081,50.0,2018-06-26,2.0,0,0,3,30.0,5.0
417,417,427,639003.0873328175,50.0,2018-06-26,2.0,0,0,3,30.0,5.0
418,418,428,729867.3716525951,50.0,2018-06-26,2.0,0,0,3,30.0,5.0
419,419,429,676372.3319472681,50.0,2018-06-26,1.0,0,0,4,30.0,5.0
420,420,430,10935.88402714607,50.0,2018-06-26,1.0,0,0,4,30.0,5.0
421,421,432,717803.6558628103,50.0,2018-06-26,2.0,0,0,4,30.0,5.0
422,422,433,7542.963961269093,50.0,2018-06-26,2.0,0,0,4,30.0,5.0
423,423,434,4300.840342764427,50.0,2018-06-26,2.0,0,0,4,30.0,5.0
424,424,435,902567.0030057331,52.5,2018-06-26,1.0,0,0,3,30.0,5.0
425,425,436,559467.3861218847,52.5,2018-06-26,1.0,0,0,3,30.0,5.0
426,426,437,492651.99356533703,52.5,2018-06-26,1.0,0,0,3,30.0,5.0
427,427,438,538456.4144546762,52.5,2018-06-26,2.0,0,0,3,30.0,5.0
428,428,439,589014.0650288967,52.5,2018-06-26,2.0,0,0,3,30.0,5.0
429,429,440,8824.73376393373,52.5,2018-06-26,2.0,0,0,3,30.0,5.0
430,430,441,661873.8818509511,52.5,2018-06-26,1.0,0,0,4,30.0,5.0
431,431,442,13684.777599037141,52.5,2018-06-26,1.0,0,0,4,30.0,5.0
432,432,443,507693.9391907249,52.5,2018-06-26,1.0,0,0,4,30.0,5.0
433,433,444,1049555.8400818924,52.5,2018-06-26,2.0,0,0,4,30.0,5.0
434,434,446,8824.73376393373,52.5,2018-06-26,2.0,0,0,4,30.0,5.0
435,435,447,89727.02777917807,19.5,2018-06-26,1.0,0,1,2,30.0,5.0
436,436,448,363168.11075498007,19.5,2018-06-26,1.0,0,1,2,30.0,5.0
437,437,449,505171.2402898922,19.5,2018-06-26,1.0,0,1,2,30.0,5.0
438,438,450,258769.8452835377,19.5,2018-06-26,1.0,0,1,2,30.0,5.0
439,439,451,100659.77021367056,19.5,2018-06-26,1.0,0,1,2,30.0,5.0
440,440,452,434746.15777436993,19.5,2018-06-26,1.0,0,1,2,30.0,5.0
441,441,453,785398.1633974483,19.5,2018-06-26,1.0,0,1,2,30.0,5.0
442,442,454,133316.62584773643,19.5,2018-06-26,2.0,0,1,2,30.0,5.0
443,443,455,262388.9600204731,19.5,2018-06-26,2.0,0,1,2,30.0,5.0
444,444,456,262388.9600204731,19.5,2018-06-26,2.0,0,1,2,30.0,5.0
445,445,457,244544.71374808307,19.5,2018-06-26,2.0,0,1,2,30.0,5.0
446,446,458,135917.8645649088,19.5,2018-06-26,2.0,0,1,2,30.0,5.0
447,447,459,329791.8304032421,19.5,2018-06-26,2.0,0,1,2,30.0,5.0
448,448,460,344196.0327199513,19.5,2018-06-26,2.0,0,1,2,30.0,5.0
449,449,461,205887.41614566065,19.5,2018-06-26,2.0,0,1,2,30.0,5.0
450,450,462,720810.1600322956,19.5,2018-06-26,1.0,0,1,3,30.0,5.0
451,451,463,745088.3880592376,19.5,2018-06-26,1.0,0,1,3,30.0,5.0
452,452,464,627718.486521123,19.5,2018-06-26,1.0,0,1,3,30.0,5.0
453,453,465,627718.486521123,19.5,2018-06-26,2.0,0,1,3,30.0,5.0
454,454,466,627718.486521123,19.5,2018-06-26,2.0,0,1,3,30.0,5.0
455,455,467,627718.486521123,19.5,2018-06-26,2.0,0,1,3,30.0,5.0
456,456,468,490166.9937763475,19.5,2018-06-26,2.0,0,1,3,30.0,5.0
457,457,469,589014.0650288967,19.5,2018-06-26,1.0,0,1,4,30.0,4.0
458,458,470,10207.034531513238,19.5,2018-06-26,1.0,0,1,4,30.0,4.0
459,459,474,5026.548245743669,19.5,2018-06-26,2.0,0,1,4,30.0,4.0
460,460,475,5026.548245743669,39.0,2018-06-26,1.0,0,1,3,30.0,5.0
461,461,476,5026.548245743669,39.0,2018-06-26,1.0,0,1,3,30.0,5.0
462,462,477,5026.548245743669,39.0,2018-06-26,1.0,0,1,3,30.0,5.0
463,463,478,5026.548245743669,39.0,2018-06-26,2.0,0,1,3,30.0,5.0
464,464,479,5026.548245743669,39.0,2018-06-26,2.0,0,1,3,30.0,5.0
465,465,480,5026.548245743669,39.0,2018-06-26,2.0,0,1,3,30.0,5.0
466,466,481,616534.4166743433,39.0,2018-06-26,1.0,0,1,4,30.0,5.0
467,467,482,839713.1587853624,39.0,2018-06-26,1.0,0,1,4,30.0,5.0
468,468,483,745088.3880592376,39.0,2018-06-26,1.0,0,1,4,30.0,5.0
469,469,484,745088.3880592376,39.0,2018-06-26,2.0,0,1,4,30.0,5.0
470,470,485,745088.3880592376,39.0,2018-06-26,2.0,0,1,4,30.0,5.0
471,471,486,745088.3880592376,39.0,2018-06-26,2.0,0,1,4,30.0,5.0
472,472,487,745088.3880592376,58.5,2018-06-26,1.0,0,1,3,30.0,5.0
473,473,488,745088.3880592376,58.5,2018-06-26,1.0,0,1,3,30.0,5.0
474,474,489,745088.3880592376,58.5,2018-06-26,1.0,0,1,3,30.0,5.0
475,475,490,745088.3880592376,58.5,2018-06-26,2.0,0,1,3,30.0,5.0
476,476,491,745088.3880592376,58.5,2018-06-26,2.0,0,1,3,30.0,5.0
477,477,492,6082.12337734984,58.5,2018-06-26,1.0,0,1,4,30.0,5.0
478,478,493,6082.12337734984,58.5,2018-06-26,1.0,0,1,4,30.0,5.0
479,479,494,10935.88402714607,58.5,2018-06-26,1.0,0,1,4,30.0,5.0
480,480,495,813926.9662846972,58.5,2018-06-26,2.0,0,1,4,30.0,5.0
481,481,496,13684.777599037141,58.5,2018-06-26,2.0,0,1,4,30.0,5.0
482,482,497,4300.840342764427,58.5,2018-06-26,2.0,0,1,4,30.0,5.0
483,483,498,138544.23602330987,20.0,2018-06-26,1.0,0,2,2,30.0,5.0
484,484,499,46759.46505603048,20.0,2018-06-26,1.0,0,2,2,30.0,5.0
485,485,500,96211.2750161874,20.0,2018-06-26,1.0,0,2,2,30.0,5.0
486,486,501,160459.98637475228,20.0,2018-06-26,1.0,0,2,2,30.0,5.0
487,487,502,71631.45409450088,20.0,2018-06-26,1.0,0,2,2,30.0,5.0
488,488,503,246300.8640414397,20.0,2018-06-26,1.0,0,2,2,30.0,5.0
489,489,504,380459.4367203383,20.0,2018-06-26,1.0,0,2,3,30.0,5.0
490,490,505,480289.8264734612,20.0,2018-06-26,1.0,0,2,3,30.0,5.0
491,491,506,738981.131940659,20.0,2018-06-26,1.0,0,2,3,30.0,5.0
492,492,507,309748.4692733393,20.0,2018-06-26,1.0,0,2,4,30.0,5.0
493,493,508,12076.282160399165,20.0,2018-06-26,1.0,0,2,4,30.0,5.0
494,494,509,20611.989400202638,47.5,2018-06-27,1.0,0,0,0,30.0,1.0
495,495,510,20611.989400202638,47.5,2018-06-27,1.0,0,0,0,30.0,1.0
496,496,511,26015.528764377075,47.5,2018-06-27,1.0,0,0,0,30.0,1.0
497,497,512,24884.55540908475,47.5,2018-06-27,2.0,0,0,0,30.0,1.0
498,498,513,26590.440219984008,47.5,2018-06-27,2.0,0,0,0,30.0,1.0
499,499,514,28352.873698647887,47.5,2018-06-27,2.0,0,0,0,30.0,1.0
500,500,515,14526.724430199203,50.0,2018-06-27,1.0,0,0,0,30.0,1.0
501,501,516,17203.36137105771,50.0,2018-06-27,1.0,0,0,0,30.0,1.0
502,502,517,14957.122623741003,50.0,2018-06-27,1.0,0,0,0,30.0,1.0
503,503,518,24884.55540908475,50.0,2018-06-27,1.0,0,0,0,30.0,1.0
504,504,519,22698.00692218625,50.0,2018-06-27,2.0,0,0,0,30.0,1.0
505,505,520,21642.43179058008,50.0,2018-06-27,2.0,0,0,0,30.0,1.0
506,506,521,18145.839167134644,50.0,2018-06-27,2.0,0,0,0,30.0,1.0
507,507,522,15393.804002589983,52.5,2018-06-27,1.0,0,0,0,30.0,1.0
508,508,523,9503.317777109123,52.5,2018-06-27,1.0,0,0,0,30.0,1.0
509,509,524,25446.900494077323,52.5,2018-06-27,1.0,0,0,0,30.0,1.0
510,510,525,16286.016316209487,52.5,2018-06-27,2.0,0,0,0,30.0,1.0
511,511,526,21642.43179058008,52.5,2018-06-27,2.0,0,0,0,30.0,1.0
512,512,527,14957.122623741003,52.5,2018-06-27,2.0,0,0,0,30.0,1.0
513,513,528,28352.873698647887,19.5,2018-06-27,1.0,0,1,0,30.0,1.0
514,514,529,29559.245277626364,19.5,2018-06-27,1.0,0,1,0,30.0,1.0
515,515,530,35968.09429094953,19.5,2018-06-27,1.0,0,1,0,30.0,1.0
516,516,531,30171.855845076367,19.5,2018-06-27,2.0,0,1,0,30.0,1.0
517,517,532,28352.873698647887,19.5,2018-06-27,2.0,0,1,0,30.0,1.0
518,518,533,17203.36137105771,19.5,2018-06-27,2.0,0,1,0,30.0,1.0
519,519,534,25446.900494077323,39.0,2018-06-27,1.0,0,1,0,30.0,1.0
520,520,535,32685.129967948207,39.0,2018-06-27,1.0,0,1,0,30.0,1.0
521,521,536,23235.21926595011,39.0,2018-06-27,1.0,0,1,0,30.0,1.0
522,522,537,17671.458676442588,39.0,2018-06-27,2.0,0,1,0,30.0,1.0
523,523,538,28952.91789548353,39.0,2018-06-27,2.0,0,1,0,30.0,1.0
524,524,539,30790.749597833565,39.0,2018-06-27,2.0,0,1,0,30.0,1.0
525,525,540,25446.900494077323,58.5,2018-06-27,1.0,0,1,0,30.0,1.0
526,526,541,18626.502843133883,58.5,2018-06-27,1.0,0,1,0,30.0,1.0
527,527,542,32685.129967948207,58.5,2018-06-27,1.0,0,1,0,30.0,1.0
528,528,543,38013.2711084365,58.5,2018-06-27,2.0,0,1,0,30.0,1.0
529,529,544,24884.55540908475,58.5,2018-06-27,2.0,0,1,0,30.0,1.0
530,530,545,23235.21926595011,58.5,2018-06-27,2.0,0,1,0,30.0,1.0
531,531,546,43743.53610858428,20.0,2018-06-27,1.0,0,2,0,30.0,1.0
532,532,547,43743.53610858428,20.0,2018-06-27,1.0,0,2,0,30.0,1.0
533,533,548,43743.53610858428,20.0,2018-06-27,1.0,0,2,0,30.0,1.0
534,534,549,43743.53610858428,20.0,2018-06-27,1.0,0,2,0,30.0,1.0
535,535,550,43743.53610858428,20.0,2018-06-27,1.0,0,2,0,30.0,1.0
536,536,551,43743.53610858428,20.0,2018-06-27,1.0,0,2,0,30.0,1.0
537,537,552,43743.53610858428,47.5,2018-06-28,1.0,0,0,0,30.0,2.0
538,538,553,43743.53610858428,47.5,2018-06-28,1.0,0,0,0,30.0,2.0
539,539,554,43743.53610858428,47.5,2018-06-28,1.0,0,0,0,30.0,2.0
540,540,555,43743.53610858428,47.5,2018-06-28,1.0,0,0,0,30.0,2.0
541,541,556,43743.53610858428,47.5,2018-06-28,2.0,0,0,0,30.0,2.0
542,542,557,43743.53610858428,47.5,2018-06-28,2.0,0,0,0,30.0,2.0
543,543,558,43743.53610858428,47.5,2018-06-28,2.0,0,0,0,30.0,2.0
544,544,559,161883.12784682846,50.0,2018-06-28,1.0,0,0,0,30.0,2.0
545,545,560,244544.71374808307,50.0,2018-06-28,1.0,0,0,0,30.0,2.0
546,546,561,244544.71374808307,50.0,2018-06-28,1.0,0,0,0,30.0,2.0
547,547,562,244544.71374808307,50.0,2018-06-28,2.0,0,0,0,30.0,2.0
548,548,563,244544.71374808307,50.0,2018-06-28,2.0,0,0,0,30.0,2.0
549,549,564,244544.71374808307,50.0,2018-06-28,2.0,0,0,0,30.0,2.0
550,550,565,244544.71374808307,52.5,2018-06-28,1.0,0,0,0,30.0,2.0
551,551,566,244544.71374808307,52.5,2018-06-28,1.0,0,0,0,30.0,2.0
552,552,567,244544.71374808307,52.5,2018-06-28,1.0,0,0,0,30.0,2.0
553,553,568,244544.71374808307,52.5,2018-06-28,1.0,0,0,0,30.0,2.0
554,554,569,244544.71374808307,52.5,2018-06-28,1.0,0,0,0,30.0,2.0
555,555,570,59828.490494964026,52.5,2018-06-28,2.0,0,0,0,30.0,2.0
556,556,571,134614.10361366905,52.5,2018-06-28,2.0,0,0,0,30.0,2.0
557,557,572,72583.35666853857,52.5,2018-06-28,2.0,0,0,0,30.0,2.0
558,558,573,218956.44158459426,52.5,2018-06-28,2.0,0,0,0,30.0,2.0
559,559,574,159043.12808798323,52.5,2018-06-28,2.0,0,0,0,30.0,2.0
560,560,575,107521.00856911068,52.5,2018-06-28,2.0,0,0,0,30.0,2.0
561,561,576,49087.385212340516,52.5,2018-06-28,2.0,0,0,0,30.0,2.0
562,562,577,220618.3440983432,19.5,2018-06-28,1.0,0,1,0,30.0,2.0
563,563,578,323712.84861854586,19.5,2018-06-28,1.0,0,1,0,30.0,2.0
564,564,579,217300.82225615237,19.5,2018-06-28,1.0,0,1,0,30.0,2.0
565,565,580,234139.75887939372,19.5,2018-06-28,2.0,0,1,0,30.0,2.0
566,566,581,182466.84291314878,19.5,2018-06-28,2.0,0,1,0,30.0,2.0
567,567,582,182466.84291314878,19.5,2018-06-28,2.0,0,1,0,30.0,2.0
568,568,583,98422.95624431463,39.0,2018-06-28,1.0,0,1,0,30.0,2.0
569,569,584,301907.0540099791,39.0,2018-06-28,1.0,0,1,0,30.0,2.0
570,570,585,135917.8645649088,39.0,2018-06-28,1.0,0,1,0,30.0,2.0
571,571,586,244544.71374808307,39.0,2018-06-28,1.0,0,1,0,30.0,2.0
572,572,587,86569.72716232034,39.0,2018-06-28,1.0,0,1,0,30.0,2.0
573,573,588,258769.8452835377,39.0,2018-06-28,1.0,0,1,0,30.0,2.0
574,574,589,74506.01137253553,39.0,2018-06-28,1.0,0,1,0,30.0,2.0
575,575,590,42273.27074670426,39.0,2018-06-28,1.0,0,1,0,30.0,2.0
576,576,591,42273.27074670426,39.0,2018-06-28,1.0,0,1,0,30.0,2.0
577,577,592,31415.92653589793,39.0,2018-06-28,1.0,0,1,0,30.0,2.0
578,578,593,89727.02777917807,39.0,2018-06-28,2.0,0,1,0,30.0,2.0
579,579,594,183984.23216483265,39.0,2018-06-28,2.0,0,1,0,30.0,2.0
580,580,595,350463.5100638629,39.0,2018-06-28,2.0,0,1,0,30.0,2.0
581,581,596,101787.60197630928,39.0,2018-06-28,2.0,0,1,0,30.0,2.0
582,582,597,78426.7190042156,39.0,2018-06-28,2.0,0,1,0,30.0,2.0
583,583,598,77437.11731833481,39.0,2018-06-28,2.0,0,1,0,30.0,2.0
584,584,599,124410.2106748094,39.0,2018-06-28,2.0,0,1,0,30.0,2.0
585,585,600,199503.69987356625,39.0,2018-06-28,2.0,0,1,0,30.0,2.0
586,586,601,298024.04549014213,58.5,2018-06-28,1.0,0,1,0,30.0,2.0
587,587,602,325732.8926948041,58.5,2018-06-28,1.0,0,1,0,30.0,2.0
588,588,603,371763.50825520174,58.5,2018-06-28,1.0,0,1,0,30.0,2.0
589,589,604,327759.21995636955,58.5,2018-06-28,2.0,0,1,0,30.0,2.0
590,590,605,323712.84861854586,58.5,2018-06-28,2.0,0,1,0,30.0,2.0
591,591,606,369605.23410218564,58.5,2018-06-28,2.0,0,1,0,30.0,2.0
592,592,607,207499.05317695226,20.0,2018-06-28,1.0,0,2,0,30.0,2.0
593,593,608,98422.95624431463,20.0,2018-06-28,1.0,0,2,0,30.0,2.0
594,594,609,98422.95624431463,20.0,2018-06-28,1.0,0,2,0,30.0,2.0
595,595,610,98422.95624431463,20.0,2018-06-28,1.0,0,2,0,30.0,2.0
596,596,611,266033.2074986373,20.0,2018-06-28,1.0,0,2,0,30.0,2.0
597,597,612,251607.0140333529,20.0,2018-06-28,1.0,0,2,0,30.0,2.0
598,598,613,101787.60197630928,20.0,2018-06-28,1.0,0,2,0,30.0,2.0
599,599,614,280861.5248235811,20.0,2018-06-28,1.0,0,2,0,30.0,2.0
600,600,615,139866.84653047114,20.0,2018-06-28,1.0,0,2,0,30.0,2.0
601,601,616,470513.19013548974,47.5,2018-06-29,1.0,0,0,0,30.0,3.0
602,602,617,497640.8426992376,47.5,2018-06-29,1.0,0,0,0,30.0,3.0
603,603,618,533266.5033909457,47.5,2018-06-29,1.0,0,0,0,30.0,3.0
604,604,619,480289.8264734612,47.5,2018-06-29,2.0,0,0,0,30.0,3.0
605,605,620,423137.9729193557,47.5,2018-06-29,2.0,0,0,0,30.0,3.0
606,606,621,502654.82457436685,47.5,2018-06-29,2.0,0,0,0,30.0,3.0
607,607,622,510222.9212768647,50.0,2018-06-29,1.0,0,0,0,30.0,3.0
608,608,623,510222.9212768647,50.0,2018-06-29,1.0,0,0,0,30.0,3.0
609,609,624,500144.69204414857,50.0,2018-06-29,1.0,0,0,0,30.0,3.0
610,610,625,480289.8264734612,50.0,2018-06-29,2.0,0,0,0,30.0,3.0
611,611,626,533266.5033909457,50.0,2018-06-29,2.0,0,0,0,30.0,3.0
612,612,627,522962.0794871713,50.0,2018-06-29,2.0,0,0,0,30.0,3.0
613,613,628,382649.12679989036,52.5,2018-06-29,1.0,0,0,0,30.0,3.0
614,614,629,205887.41614566065,52.5,2018-06-29,1.0,0,0,0,30.0,3.0
615,615,630,205887.41614566065,52.5,2018-06-29,1.0,0,0,0,30.0,3.0
616,616,631,205887.41614566065,52.5,2018-06-29,1.0,0,0,0,30.0,3.0
617,617,632,205887.41614566065,52.5,2018-06-29,1.0,0,0,0,30.0,3.0
618,618,633,205887.41614566065,52.5,2018-06-29,2.0,0,0,0,30.0,3.0
619,619,634,205887.41614566065,52.5,2018-06-29,2.0,0,0,0,30.0,3.0
620,620,635,205887.41614566065,52.5,2018-06-29,2.0,0,0,0,30.0,3.0
621,621,636,205887.41614566065,52.5,2018-06-29,2.0,0,0,0,30.0,3.0
622,622,637,205887.41614566065,52.5,2018-06-29,2.0,0,0,0,30.0,3.0
623,623,638,205887.41614566065,19.5,2018-06-29,1.0,0,1,0,30.0,3.0
624,624,639,205887.41614566065,19.5,2018-06-29,1.0,0,1,0,30.0,3.0
625,625,640,205887.41614566065,19.5,2018-06-29,1.0,0,1,0,30.0,3.0
626,626,641,205887.41614566065,19.5,2018-06-29,2.0,0,1,0,30.0,3.0
627,627,642,205887.41614566065,19.5,2018-06-29,2.0,0,1,0,30.0,3.0
628,628,643,205887.41614566065,19.5,2018-06-29,2.0,0,1,0,30.0,3.0
629,629,644,205887.41614566065,39.0,2018-06-29,1.0,0,1,0,30.0,3.0
630,630,645,205887.41614566065,39.0,2018-06-29,1.0,0,1,0,30.0,3.0
631,631,646,205887.41614566065,39.0,2018-06-29,1.0,0,1,0,30.0,3.0
632,632,647,205887.41614566065,39.0,2018-06-29,1.0,0,1,0,30.0,3.0
633,633,648,205887.41614566065,39.0,2018-06-29,1.0,0,1,0,30.0,3.0
634,634,649,205887.41614566065,39.0,2018-06-29,1.0,0,1,0,30.0,3.0
635,635,650,205887.41614566065,39.0,2018-06-29,1.0,0,1,0,30.0,3.0
636,636,651,205887.41614566065,39.0,2018-06-29,2.0,0,1,0,30.0,3.0
637,637,652,205887.41614566065,39.0,2018-06-29,2.0,0,1,0,30.0,3.0
638,638,653,205887.41614566065,39.0,2018-06-29,2.0,0,1,0,30.0,3.0
639,639,654,205887.41614566065,39.0,2018-06-29,2.0,0,1,0,30.0,3.0
640,640,655,205887.41614566065,39.0,2018-06-29,2.0,0,1,0,30.0,3.0
641,641,656,205887.41614566065,39.0,2018-06-29,2.0,0,1,0,30.0,3.0
642,642,657,205887.41614566065,58.5,2018-06-29,1.0,0,1,0,30.0,3.0
643,643,658,205887.41614566065,58.5,2018-06-29,1.0,0,1,0,30.0,3.0
644,644,659,205887.41614566065,58.5,2018-06-29,1.0,0,1,0,30.0,3.0
645,645,660,205887.41614566065,58.5,2018-06-29,2.0,0,1,0,30.0,3.0
646,646,661,205887.41614566065,58.5,2018-06-29,2.0,0,1,0,30.0,3.0
647,647,662,205887.41614566065,58.5,2018-06-29,2.0,0,1,0,30.0,3.0
648,648,663,205887.41614566065,20.0,2018-06-29,1.0,0,2,0,30.0,3.0
649,649,664,205887.41614566065,20.0,2018-06-29,1.0,0,2,0,30.0,3.0
650,650,665,205887.41614566065,20.0,2018-06-29,1.0,0,2,0,30.0,3.0
651,651,666,205887.41614566065,20.0,2018-06-29,1.0,0,2,0,30.0,3.0
652,652,667,205887.41614566065,20.0,2018-06-29,1.0,0,2,0,30.0,3.0
653,653,668,205887.41614566065,20.0,2018-06-29,1.0,0,2,0,30.0,3.0
654,654,669,205887.41614566065,20.0,2018-06-29,1.0,0,2,0,30.0,3.0
655,655,670,205887.41614566065,20.0,2018-06-29,1.0,0,2,0,30.0,3.0
656,656,671,205887.41614566065,20.0,2018-06-29,1.0,0,2,0,30.0,3.0
657,657,672,205887.41614566065,58.5,2018-07-03,1.0,0,1,0,28.0,1.0
658,658,673,205887.41614566065,58.5,2018-07-03,1.0,0,1,0,28.0,1.0
659,659,674,205887.41614566065,58.5,2018-07-03,1.0,0,1,0,28.0,1.0
660,660,675,205887.41614566065,58.5,2018-07-03,1.0,0,1,0,28.0,1.0
661,661,676,205887.41614566065,58.5,2018-07-03,1.0,0,1,0,28.0,1.0
662,662,677,205887.41614566065,58.5,2018-07-03,1.0,0,1,0,28.0,1.0
663,663,678,205887.41614566065,58.5,2018-07-03,1.0,0,1,0,30.0,4.0
664,664,679,205887.41614566065,58.5,2018-07-03,1.0,0,1,0,30.0,4.0
665,665,680,205887.41614566065,58.5,2018-07-03,1.0,0,1,0,30.0,4.0
666,666,681,205887.41614566065,58.5,2018-07-03,1.0,1,1,2,25.0,1.0
667,667,682,205887.41614566065,58.5,2018-07-03,1.0,1,1,2,25.0,1.0
668,668,683,205887.41614566065,58.5,2018-07-03,1.0,1,1,2,25.0,1.0
669,669,684,205887.41614566065,58.5,2018-07-03,1.0,0,1,2,28.0,1.0
670,670,685,205887.41614566065,58.5,2018-07-03,1.0,0,1,2,28.0,1.0
671,671,686,205887.41614566065,58.5,2018-07-03,1.0,0,1,2,28.0,1.0
672,672,687,205887.41614566065,58.5,2018-07-03,1.0,0,1,2,28.0,1.0
673,673,688,205887.41614566065,58.5,2018-07-03,1.0,0,1,2,28.0,1.0
674,674,689,205887.41614566065,58.5,2018-07-03,1.0,0,1,2,28.0,1.0
675,675,690,205887.41614566065,58.5,2018-07-03,1.0,1,1,3,30.0,1.0
676,676,691,205887.41614566065,58.5,2018-07-03,1.0,1,1,3,30.0,1.0
677,677,692,205887.41614566065,58.5,2018-07-03,1.0,1,1,3,30.0,1.0
678,678,693,205887.41614566065,58.5,2018-07-03,1.0,1,1,3,30.0,1.0
679,679,694,205887.41614566065,58.5,2018-07-03,1.0,1,1,3,30.0,1.0
680,680,695,205887.41614566065,58.5,2018-07-03,1.0,1,1,3,30.0,1.0
681,681,696,205887.41614566065,58.5,2018-07-03,1.0,1,1,3,37.0,1.0
682,682,697,205887.41614566065,58.5,2018-07-03,1.0,1,1,3,37.0,1.0
683,683,698,205887.41614566065,58.5,2018-07-03,1.0,1,1,3,37.0,1.0
684,684,699,205887.41614566065,58.5,2018-07-03,1.0,1,1,4,30.0,1.0
685,685,700,205887.41614566065,58.5,2018-07-03,1.0,1,1,4,30.0,1.0
686,686,701,205887.41614566065,58.5,2018-07-03,1.0,1,1,4,30.0,1.0
687,687,702,34557.51918948773,58.5,2018-07-03,1.0,1,1,4,30.0,1.0
688,688,703,6283.185307179586,58.5,2018-07-03,1.0,1,1,4,30.0,1.0
689,689,704,15041.945625387927,58.5,2018-07-03,1.0,1,1,4,30.0,1.0
690,690,705,15041.945625387927,58.5,2018-07-03,1.0,1,1,4,37.0,1.0
691,691,706,15041.945625387927,58.5,2018-07-03,1.0,1,1,4,37.0,1.0
692,692,707,15041.945625387927,58.5,2018-07-03,1.0,1,1,4,37.0,1.0
693,693,708,15041.945625387927,58.5,2018-07-04,1.0,0,1,0,28.0,2.0
694,694,709,15041.945625387927,58.5,2018-07-04,1.0,0,1,0,28.0,2.0
695,695,710,15041.945625387927,58.5,2018-07-04,1.0,0,1,0,28.0,2.0
696,696,711,15041.945625387927,58.5,2018-07-04,1.0,0,1,0,28.0,2.0
697,697,712,15041.945625387927,58.5,2018-07-04,1.0,0,1,0,28.0,2.0
698,698,713,15041.945625387927,58.5,2018-07-04,1.0,0,1,0,28.0,2.0
699,699,714,15041.945625387927,58.5,2018-07-04,1.0,0,1,0,30.0,5.0
700,700,715,15041.945625387927,58.5,2018-07-04,1.0,0,1,0,30.0,5.0
701,701,716,15041.945625387927,58.5,2018-07-04,1.0,0,1,0,30.0,5.0
702,702,717,15041.945625387927,58.5,2018-07-04,1.0,1,1,2,25.0,2.0
703,703,718,15041.945625387927,58.5,2018-07-04,1.0,1,1,2,25.0,2.0
704,704,719,15041.945625387927,58.5,2018-07-04,1.0,1,1,2,25.0,2.0
705,705,720,15041.945625387927,58.5,2018-07-04,1.0,0,1,2,28.0,2.0
706,706,721,15041.945625387927,58.5,2018-07-04,1.0,0,1,2,28.0,2.0
707,707,722,15041.945625387927,58.5,2018-07-04,1.0,0,1,2,28.0,2.0
708,708,723,15041.945625387927,58.5,2018-07-04,1.0,0,1,2,28.0,2.0
709,709,724,15041.945625387927,58.5,2018-07-04,1.0,0,1,2,28.0,2.0
710,710,725,15041.945625387927,58.5,2018-07-04,1.0,0,1,2,28.0,2.0
711,711,726,15041.945625387927,58.5,2018-07-04,1.0,1,1,4,30.0,2.0
712,712,727,15041.945625387927,58.5,2018-07-04,1.0,1,1,4,30.0,2.0
713,713,728,15041.945625387927,58.5,2018-07-04,1.0,1,1,4,30.0,2.0
714,714,729,15041.945625387927,58.5,2018-07-04,1.0,1,1,4,30.0,2.0
715,715,730,15041.945625387927,58.5,2018-07-04,1.0,1,1,4,30.0,2.0
716,716,731,15041.945625387927,58.5,2018-07-04,1.0,1,1,4,30.0,2.0
717,717,732,15041.945625387927,58.5,2018-07-04,1.0,1,1,3,30.0,2.0
718,718,733,15041.945625387927,58.5,2018-07-04,1.0,1,1,3,30.0,2.0
719,719,734,15041.945625387927,58.5,2018-07-04,1.0,1,1,3,30.0,2.0
720,720,735,15041.945625387927,58.5,2018-07-04,1.0,1,1,3,30.0,2.0
721,721,736,15041.945625387927,58.5,2018-07-04,1.0,1,1,3,30.0,2.0
722,722,737,15041.945625387927,58.5,2018-07-04,1.0,1,1,3,30.0,2.0
723,723,738,15041.945625387927,58.5,2018-07-04,1.0,1,1,3,37.0,2.0
724,724,739,15041.945625387927,58.5,2018-07-04,1.0,1,1,3,37.0,2.0
725,725,740,15041.945625387927,58.5,2018-07-04,1.0,1,1,3,37.0,2.0
726,726,741,15041.945625387927,58.5,2018-07-05,1.0,0,1,0,28.0,3.0
727,727,742,15041.945625387927,58.5,2018-07-05,1.0,0,1,0,28.0,3.0
728,728,743,15041.945625387927,58.5,2018-07-05,1.0,0,1,0,28.0,3.0
729,729,744,15041.945625387927,58.5,2018-07-05,1.0,0,1,0,28.0,3.0
730,730,745,15041.945625387927,58.5,2018-07-05,1.0,0,1,0,28.0,3.0
731,731,746,15041.945625387927,58.5,2018-07-05,1.0,0,1,0,28.0,3.0
732,732,747,15041.945625387927,58.5,2018-07-05,1.0,0,1,0,30.0,6.0
733,733,748,15041.945625387927,58.5,2018-07-05,1.0,0,1,0,30.0,6.0
734,734,749,15041.945625387927,58.5,2018-07-05,1.0,0,1,0,30.0,6.0
735,735,750,15041.945625387927,58.5,2018-07-05,1.0,1,1,2,25.0,3.0
736,736,751,15041.945625387927,58.5,2018-07-05,1.0,1,1,2,25.0,3.0
737,737,752,15041.945625387927,58.5,2018-07-05,1.0,1,1,2,25.0,3.0
738,738,753,15041.945625387927,58.5,2018-07-05,1.0,0,1,2,28.0,3.0
739,739,754,15041.945625387927,58.5,2018-07-05,1.0,0,1,2,28.0,3.0
740,740,755,15041.945625387927,58.5,2018-07-05,1.0,0,1,2,28.0,3.0
741,741,756,15041.945625387927,58.5,2018-07-05,1.0,0,1,2,28.0,3.0
742,742,757,15041.945625387927,58.5,2018-07-05,1.0,0,1,2,28.0,3.0
743,743,758,15041.945625387927,58.5,2018-07-05,1.0,0,1,2,28.0,3.0
744,744,759,15041.945625387927,58.5,2018-07-05,1.0,1,1,3,30.0,3.0
745,745,760,15041.945625387927,58.5,2018-07-05,1.0,1,1,3,30.0,3.0
746,746,761,15041.945625387927,58.5,2018-07-05,1.0,1,1,3,30.0,3.0
747,747,762,15041.945625387927,58.5,2018-07-05,1.0,1,1,3,30.0,3.0
748,748,763,15041.945625387927,58.5,2018-07-05,1.0,1,1,3,30.0,3.0
749,749,764,15041.945625387927,58.5,2018-07-05,1.0,1,1,3,30.0,3.0
750,750,765,15041.945625387927,58.5,2018-07-05,1.0,1,1,3,37.0,3.0
751,751,766,15041.945625387927,58.5,2018-07-05,1.0,1,1,3,37.0,3.0
752,752,767,15041.945625387927,58.5,2018-07-05,1.0,1,1,3,37.0,3.0
753,753,768,15041.945625387927,58.5,2018-07-05,1.0,1,1,4,30.0,3.0
754,754,769,15041.945625387927,58.5,2018-07-05,1.0,1,1,4,30.0,3.0
755,755,770,15041.945625387927,58.5,2018-07-05,1.0,1,1,4,30.0,3.0
756,756,771,15041.945625387927,58.5,2018-07-05,1.0,1,1,4,30.0,3.0
757,757,772,15041.945625387927,58.5,2018-07-05,1.0,1,1,4,30.0,3.0
758,758,773,15041.945625387927,58.5,2018-07-05,1.0,1,1,4,30.0,3.0
759,759,774,15041.945625387927,58.5,2018-07-05,1.0,1,1,4,37.0,2.0
760,760,775,15041.945625387927,58.5,2018-07-05,1.0,1,1,4,37.0,2.0
761,761,776,15041.945625387927,58.5,2018-07-05,1.0,1,1,4,37.0,2.0
